9929,mwfKO
69706,NtJhz
4060,CWcnZ
13440,YBZke
42931,rFiTr
88208,uVRAk
71970,IZPWm
40589,fepEm
4132,OmWuF
73233,xlVls
23038,Wzgkl
91213,TBrEX
92228,GlNXK
87458,FqAwK
92352,pisup
69365,eztUc
4762,QAdcz
5833,vRijQ
10714,wDLdx
36686,MwjUN
64401,mTUDY
5983,ubhKx
88862,tluqN
1874,FllAS
25557,bpmCo
35471,nOMbx
41890,DEqDR
77355,NIjYs
18036,wDPgf
76694,lymEu
12445,oDOJQ
14263,Czuml
26910,PVKdd
16161,hVKII
11688,zSAEd
9831,RqyXe
45637,VdbbJ
53842,yoQCc
56126,xJxur
3163,acdjb
36735,AuOcw
5404,sIDgn
3005,nIkJn
4649,WrmEZ
5504,YHZFd
5251,jrAqW
51780,tGCpb
77396,naCsl
97185,wmRjg
88606,XFYta
88083,fEykE
47670,hBsZi
61404,ouqBg
758,EoQyt
84430,uDhzD
28119,Zlnvm
96846,Iiicz
56069,fhLhB
95931,ftymK
16019,VZiCe
81108,WQSkp
67255,qlVKH
87520,AlhkH
67385,wXVSl
73007,vwukC
79885,WiRck
62727,tzaxf
10215,FWJew
41505,ZOvCv
7573,nAWan
10074,jCSUG
64560,oamua
7471,oEvZg
63700,ZtQxN
75240,VePXM
91031,JMNBo
75325,kvNSq
40669,DVaCn
95614,GeGSU
24977,vnzYN
76917,zCsxY
38136,Cjkxg
80687,vIDsV
84583,BVDyx
55937,CmgeR
55037,JGuTA
69102,YxCVg
4114,tMuvc
31917,ktPRz
33014,BqRJR
96655,brXTS
51678,gWtpm
51782,YvDWo
11105,ZurLD
33706,ijiVG
5129,WKYyf
64030,VcxOv
55468,pwujs
56440,rvpwj
35522,NZvZw
8871,QuDcq
53400,qtPkq
44437,Kuzup
31338,FPwpj
44212,HMvuk
67031,DiLlD
79741,rLSOb
47671,kgdKp
90684,eRZjL
95599,oEUIe
89680,AHvfc
30476,CwxBh
44471,BzXyy
10485,JNfjW
93038,MhZKx
31811,FLGnZ
68831,aJaqm
84852,yGqGD
71260,XIpDk
96964,RziaD
71600,GuORH
88676,IYecN
55326,zYWRV
32204,rGVwU
33737,HYBMb
59123,hAcqm
70363,kBYbX
90727,ERIPH
32170,WfDzN
8032,CTrcn
96861,OgbUG
92246,BInQx
71221,hgeKl
67771,GjGJJ
66351,hGXZJ
98859,vnuxx
50350,lrOBV
39623,XItaM
39486,apEqA
97097,rPWzr
54427,HtACQ
45529,bNYAC
6809,ivWuS
42374,CALBE
48645,dDavo
27159,fBZfH
49905,pVNEL
21961,llCsP
73397,lGDJo
62619,SvYoh
82970,eCtPq
8748,EVDts
3993,vSOIo
30926,Rntog
94152,sSiva
51259,dQqHz
36957,qoyhf
19469,KDnzO
68916,iMTzu
72563,xaBHo
65715,qYmjj
64424,YIaba
46837,JJhVY
50085,gVPvP
51276,xIZjd
52478,BKcPn
22408,grQSF
94066,QrRQA
22301,RnlsC
54531,VAeqd
26858,STfgh
93101,JZrlL
29596,Lkrsn
90043,jyaGx
11097,tUDqn
81533,QLitk
43457,IBUmC
36349,eGpZM
2167,eOXkQ
12472,Qrypu
13893,CdALG
69010,LIiUL
22022,iFbUi
18282,nBgNy
46343,njZKK
30228,XHnTL
80878,KcUfm
89804,DiIXk
75875,nFTFw
27183,qvdvR
76339,JPhvF
27310,Ffesz
17785,YXkKC
77220,UZLVZ
40416,tKOcQ
82926,TWbKI
59501,kegmK
87393,syBkV
98049,VPrjL
85407,UREoO
34146,wuwKE
46187,UVdQB
48161,WhMaU
85124,TzVmd
85598,ZhySK
43413,WBgio
496,UApXn
21682,DxqyC
85161,WNOVx
77799,mgEpM
7359,hnGdU
98546,OHzPQ
82319,eeYUF
52217,RzSJh
83138,TLzbd
62974,xNuAO
1626,tDrcR
2230,PJrsZ
1582,FifwY
14048,NnuGz
85593,HNfgV
2938,jYyAj
40378,xNEJC
57622,iasIz
71517,hgpwV
6804,VYXEH
29663,incvP
19121,Gqxue
55415,pSalA
74245,qYILm
2328,OkXCz
32850,YuwLU
95067,FnDLr
63039,JXPze
70115,XLCay
15180,ocDrB
71905,SnwyR
94216,GwIcq
18430,QVRJp
20678,dOafV
63711,ewDbJ
51285,NzhcI
62891,gkjDe
29687,hKUke
96945,paMdZ
54352,urUFm
9133,YGAKD
71464,LQMwI
67794,VtuoY
79508,tzfjD
618,MoJnR
60661,mrEOj
96449,dDfSX
48108,uyBDt
91208,eoxzV
95341,WVndm
41565,MMKhJ
27192,tnudB
20624,zYjjB
93486,olSZN
28873,tRIfu
65768,FuioA
92782,TdFCi
23275,APpHF
10410,VGtLq
89215,TmLpR
11600,YRijm
56775,hnGVl
55109,qoxSp
19506,TpChw
52675,dqSou
26456,DbfQK
90658,sEMEm
6952,RPZUw
26522,XxFeH
31749,nZHWv
2700,SLMYR
27000,HIhzX
65703,epPaI
87304,JmDEn
32399,dJAcj
50446,MSIcN
64417,gSnyx
41965,LvwVt
41113,uTjnt
12647,yqfBr
59421,jfLPH
6418,dHqOp
30170,KFXyy
17232,Fwbhy
61973,NlEBR
21158,xfhVr
84965,kdxEU
84012,GKinU
2020,hiJvM
45962,MPibX
13646,onuuG
20748,jKSSZ
95624,GLQZF
71892,WSubE
50794,kzHVq
4501,ejzYm
23392,yvKwy
1063,cicdk
7026,mHtwv
55614,GJgPQ
40460,HDByH
16253,gGRQt
42465,WvTfW
1328,nrtMw
89009,NgEkn
43422,OgXMY
25553,bfBTn
5509,FHVPu
52306,oJoqb
89319,PNUZk
87331,OhaEo
46441,MabZt
30329,gWjcY
52293,MUmvr
70485,TVYBo
40957,oOvHk
6444,beHkE
75063,bskFJ
85354,RoWpr
58608,Yjhpl
35225,gzexJ
86160,LBIvj
52903,NewdD
80004,VDwMs
66539,VGfsy
40787,OYyJQ
69712,JAorn
96688,burAj
89235,kVeyo
17493,NduOM
45743,CfJPp
84569,dbJIX
95553,AQDLp
58720,xLhdc
64686,BMSxM
94520,kmbiM
51337,MbCnF
43979,XUXcj
72729,bfClY
36183,glsEb
20255,pTaYw
51075,XXQxd
3198,sFVLU
27252,PEWbu
56604,LSUSw
71238,PYaka
57165,COgYa
46013,UlCbQ
6711,CMcky
50659,swgZS
40408,NELYD
85011,gZXcl
7757,gplMM
7803,qzfLA
30165,ZHtSs
66441,NxUoX
81946,owAQn
42564,yxTjq
5944,Nkxkh
34627,dTRXI
60862,XSBEE
41890,mjtvy
97690,AqZhH
58775,yPhbd
29914,yKqie
17100,KDpzS
87445,aUtyS
38063,rjIiI
99568,QDdmV
97006,HkghP
22246,LVzae
88486,EsdQD
97288,TeRLf
26849,PPuNc
64426,hDjCY
53895,AXcDa
68870,OpHBW
96021,SAHym
98818,omras
87730,lhXRJ
4181,uCWtm
19816,xEQRM
25072,szfGA
55543,VsrZk
84480,Aiaht
39853,YpmMH
96920,cGNzq
78266,GFzTV
89972,Evylt
61383,qVcZm
94080,LxddA
27534,lkeEx
32512,yTEgU
88556,agQEC
81361,mTMCi
94842,BAcwj
33045,QbbhJ
86531,POqmN
47893,uufKd
76952,bkkJT
48199,EinbM
38086,gedhJ
90839,BGjOc
71025,ScpFH
79979,tAjTl
74593,LvDFw
46983,sQNwx
63170,TbYZb
46519,hNIdi
95314,Aadbh
39476,hkPfo
34779,UvbpJ
97510,XPqHk
35496,FWtts
31056,pQvYB
43100,YAuxo
73650,xYcSS
51781,SRSQQ
35184,dcRXY
90551,kxREL
12057,dKvLX
76156,pFvPv
88266,EQJob
58609,XGWIx
86393,ulSRi
94932,ywEyz
36278,lufjZ
22273,tmxHN
71828,vRBOr
6756,zgXkR
38958,QWdZs
5200,BDGCy
90445,RyGVC
88469,LIMaQ
31086,BYPhn
48440,BxMJb
52585,kbOfy
68452,pumGu
23349,iCPNP
84998,kQPJL
55664,VYKOW
65886,pwzRE
36515,kgGrL
16824,NZmzQ
56874,Aljqi
62050,dsHeV
22650,FjDZP
39424,VRIzK
75363,WlwVt
45251,YoClS
27678,FXVmb
84128,dbJKs
29352,ahILH
6692,ErtVN
59317,rSsDD
39148,CyQNx
66089,LPxOS
83835,SbZkJ
99879,sTSbm
62796,GRhwX
50933,OnywI
44239,WRpeH
69792,tYWLM
39576,pXjJB
386,DqWNC
85978,zlCKe
69738,IJfMm
93179,ezOPP
90659,naamR
47656,UoNyl
31573,brkRF
82929,Gulbi
41648,KwKdI
64887,XQiOm
91247,eKEuM
92137,olXTo
68897,FHeKi
21718,UJdSM
14380,TBmhB
47940,QgALl
17268,UHFBu
56967,dfEWS
64320,rttMf
14581,aKYzW
72740,QAsch
28861,KhRQa
33825,BKDss
37344,jjZYU
6416,ssmNG
80255,NFetC
40870,dqstq
86267,SNbcE
15226,qVLLb
74116,Kyrxn
60651,lojdF
47888,GILSL
36838,hVphh
19541,KxeTA
16971,isida
37114,Ffyvy
37463,bREFr
18095,iVdjP
46053,SeBgM
32868,hBtYq
78006,EowYE
62111,AQCgh
66777,GLSxV
590,Qhzef
7212,EpmcM
81220,jdIHg
19592,kMBYQ
12905,YLXBr
95779,vNwhf
24881,yQVKo
3288,kxodD
66614,GSdKS
34698,erxFj
46217,cSVik
49454,OcSJB
25163,VpVan
81358,GuFaL
82722,zaAXg
30770,VASHM
13583,PapFk
52002,iwjjV
2243,xJLbs
43279,DnIFG
48185,NKZhN
85433,MhcSL
50983,EMaQF
11954,CdtCr
12309,tXlNU
67655,EZsRU
24792,sytfF
21127,Qnarz
56352,zZASo
66212,KcvVD
61269,EvmuG
44063,pJYGv
89448,CHljh
21097,qIpTW
41965,OUjTz
35341,clsGT
5005,VgFlB
68082,CTpnZ
65569,Kxwvj
70277,QPbVs
32163,nblzX
1147,VerEP
46983,OxdNj
1276,FYlpH
96143,hArKu
59396,ocZbo
54627,KrPpb
843,TbcAa
63462,BkAZp
66029,UOIgq
74508,rwmmj
97613,ITUdw
9682,NZymK
4315,YGipv
56782,XeWlH
92157,xkUOQ
64589,PhuRO
54578,hcqTP
77059,KBeUS
21913,piSwH
59332,JLVzj
75513,YwYPx
79608,EpTAM
32547,DOyfZ
10069,NqqJH
62330,KuwOG
84815,RKosq
65499,uhevE
8690,dCxLS
2464,utzDv
49560,GxaAA
10438,qnpYK
71997,mBoDj
21495,NywEF
50199,vEPgJ
24427,vmLMV
39627,XUYrw
25968,XPulT
2818,EquvY
4530,shBpt
99073,xkXbZ
60092,VcyaV
38816,GmnBU
79523,Yewkv
62970,wSpls
9932,geZlS
9931,hkceG
46157,jlqFa
50592,PIOIc
8472,LohRB
48336,zAMNo
24189,kPKdY
87151,KulqN
70037,sgPqC
27370,MOMGI
740,bRbKM
34583,qCGOF
50238,mtOjw
51180,nXgVU
98418,vDUrJ
64055,WFbkf
46733,aPbTD
18644,OUKqO
45822,Plzfk
2947,qhtYD
98655,RlFBO
37241,gjRHg
45788,juIuE
49438,aVnrK
96980,rVapp
12639,hZFlT
67141,sRqwY
14753,TBgrE
33613,cPrBr
30814,bjYgu
30163,azUGa
91827,LTPns
62669,tKqpX
63519,qcKHL
73827,PEAnc
76816,kEVYq
52889,Svhhl
75871,EJyKg
54354,qeiMh
7043,cGMXX
53977,QVLKR
43691,IPKdG
77729,GRntk
59821,JDEVP
56725,bnhxx
78658,UUuaP
4563,SCtbW
65180,wJpWg
18489,PelAO
4919,NCCja
36426,fmQdr
17684,cVJYS
84562,OJpQG
23437,lsfKA
43053,TkmDQ
39946,nDtVT
34031,njjKt
66458,vPeEU
90117,ebGmg
75397,aKfBE
19489,Dqlmv
59461,lHGPS
12828,HKnHi
83356,dOUWJ
59868,qfoPD
56169,fYcxG
15550,KWdUL
71196,Pxmzb
88373,pnwSU
84144,QKBbB
82072,CodvT
88576,QqxiA
26051,slFbO
87065,PWNfN
9244,rUMzA
16758,JmhmU
45855,MGmkd
25843,NLsHs
23292,Yoiyg
92897,wSlfU
48068,RMQbj
22624,sznYc
12171,BkCpC
62834,oTEBV
28368,Axirp
82356,hIqVS
56480,Adfwo
45615,uDaWw
14209,wyFfc
71475,EMTmi
7955,HvnIZ
43117,cVBNO
61017,DNwwm
1879,SqUKU
47774,GDSDa
47158,EafwF
16123,gTsOS
4745,YLfiP
86942,EhKAX
63972,nrSbg
59757,lvscG
60963,kmosQ
176,lzjhC
58788,FBdDR
99220,RasKj
11189,JRoqG
68277,sZcAh
99924,zxAak
700,eFYED
49790,eWKpW
16782,hJvDf
87654,qVPiA
96174,PXlWr
94415,HTBiv
75777,iZuZK
35164,FxJhn
46488,OZRoC
57356,pkyVa
86004,NMrnx
29835,qvZsB
89034,xhNSG
36427,MYEFR
1582,mpuZS
27641,eFiDR
39604,PThyo
14387,vQrCL
89017,suEef
89055,gnRUZ
45289,bwyvr
84319,kRjol
33539,YbfgM
2984,Vmsms
94367,iXtbb
71769,ghAqI
42776,zZOKl
93648,cYYrB
95085,HHxNO
13600,gCEoM
18378,uVvJv
16774,SeDnF
4748,BQoSs
52515,noKei
522,cjfci
40460,ukBGT
20408,aWHvB
35972,tPvQA
41965,BDrgz
66930,whcnK
96269,cptxN
78647,QSrYr
46697,EobOO
26303,IpfUe
96074,zzLie
90272,sjrgj
13461,ARqAo
52905,KuWUP
7986,kfcWc
34585,bVuZc
86509,FriJp
39384,LpeSw
838,uRFgb
29995,dGrSo
72749,zPDmd
72584,dDhTM
11149,HjcTG
12145,Pzpji
74290,Xtwed
80421,NsJgm
58253,KPsqL
71577,eTAvF
82460,IyeoV
9869,vjTeQ
10576,kLKUk
69474,zJlsg
39055,CrrQa
23921,rVYlq
32832,qpPRP
56799,rlpeO
84046,nozmY
63893,ESDvf
4204,wBnAA
82067,TwIwm
25951,JvLcw
20492,boTPy
90529,aSHDd
84372,oqNbq
2794,lzNjy
81981,oVYud
78002,hiNnz
17866,rSjlK
70171,QTwmH
17602,esdeH
16050,COqCB
7757,Aewkq
74012,YhzUq
52644,qkRqs
18933,QPZEL
11114,mUOlK
98428,SbxCp
16353,fBNIy
56084,ZMkbf
14367,rnCyi
82508,YppGM
31719,OinwU
95782,seZge
8827,LByBT
81821,LmqLP
26903,lSLHF
12104,qoRMT
86656,wjlYT
47651,cPDQS
16131,DkApx
81430,kBrUM
18914,eBVjv
93334,GYOZz
85680,AEqTB
16912,FNoiy
52998,XPtiy
86092,gEXNN
60086,QAQrm
11991,YZHWZ
81316,rSHdC
86593,qghjG
53340,wkfAJ
17005,KLACG
58117,fpqGJ
42576,gFSRk
62941,pLDEj
49145,LXsfT
11014,UZELk
72696,MfeAK
47462,zwDux
53122,sGaWK
33620,wSbNi
31960,qjnkn
41494,qKFAz
73488,tWuFv
61615,qoXLU
20852,OuRuM
58205,KtYGU
50031,vDUsx
34536,tERaw
69966,zEWEd
10590,mfchC
26475,hqEhg
16547,kZrTp
68782,hvJJb
55309,TFwWJ
82453,hNSJL
40982,GcZZM
48668,ebKOh
14034,ZkkmL
36030,HZCFx
98408,mINlw
8545,rsmzR
58245,LhbYw
41080,fEIne
43380,WEkoB
8778,nDaFT
29393,KOMzm
77656,OUwma
45316,SEndT
75557,ERbWo
9043,xoQFA
36311,lLhyw
48375,FQeoj
84546,wTaND
87096,wrdeO
6445,CBcjD
1084,RKBFC
50196,sRkTy
6690,ApQHS
54581,QepFu
73269,CshIU
20814,VgtUc
68,kEWMX
33516,GyHry
11798,CQKvN
57928,qRgYD
15298,QDEvP
19666,mgXuV
55108,BsGwQ
28920,fbHbF
2483,YqazU
54920,GkzZA
84727,RanpX
13498,SCbyO
5215,oAOrN
57169,tJisZ
47577,pRjCU
51752,QLsAP
53922,ofMMU
68498,ltVHw
9380,ATOvD
11811,PNoPi
55336,AYgfX
45715,CceDo
57320,imdoR
84841,sczhw
61935,otZCU
26652,TBUKJ
85636,EgnnW
14493,xOmbY
70440,bSSXX
91098,qyksq
74921,nHqCp
31012,qBAmE
92183,fJjIH
2360,srTir
87995,UKObG
25634,ysaKb
87407,qnvyy
85222,DXhfD
33584,XHjXi
88001,Citmu
75448,oFKGQ
74550,CsSHZ
18128,TDKJY
51307,UpjYa
60297,iocXv
7770,MnNbi
81907,Xujor
14188,Mlnuv
22511,cBaYf
70248,CNlVk
31047,ZBCda
56178,oEEqd
58213,FOKAN
76151,reZmm
61960,WqBDF
75277,yQNQx
61530,JVXQC
24000,adCyi
81734,SIedA
61168,oFovg
58703,kEHAw
57950,NVkPE
68035,btQtD
38798,dMiMA
90998,vQeTv
37583,KctrG
82899,tvuQN
9630,hJoXp
12436,NrxbQ
13393,NXcmX
71963,tJRzV
1336,MPyNc
99073,ydtLQ
42342,bQXKN
80755,lrVlO
97270,oofBk
1860,eUMiw
89266,btyvZ
28388,pxjXB
69749,WihDU
65944,dhzKs
32376,uuaIL
97675,ammDK
16850,UocVh
62314,LNrCL
49729,FTSVc
58805,BmRnj
4878,PjRWb
47513,cVvUo
73110,VNtvF
57730,AIqUH
79883,RaCiP
62869,nAHEd
69569,khhgx
65795,ezTPE
78253,zqAZh
29697,GAJov
69520,aFZIg
252,GMXgS
33979,Phicq
73522,yVBbi
58643,YLtCx
1731,bCIel
21052,MWHyu
55086,CaDCz
93210,AMFps
6560,HXpdq
96218,zsqpK
77966,kGLrh
1240,WSxhA
36171,OwMyE
26819,nJGsF
76989,wVjmW
12644,wDoEA
37746,bivWT
19012,rrfHt
9207,zSnmt
75667,QJwlY
89905,Zkeaf
45389,jbivB
47948,gfCWR
65695,wBWpj
66840,qvSCM
80208,uVfQU
98363,EQhCC
8515,sBBGR
99689,lrCaG
